cohort,predictor,pathway,family,analysis,n,partial_rho,p_value,hc3_beta,hc3_se,hc3_p_value,fdr_bh,hc3_fdr_bh
GSE176078,state_residual,lipid_metabolism,primary,drop_signature_overlap,25,0.7565782496729271,1.20815894209966e-05,0.7275881309780254,0.1649571370071884,1.0300327832433817e-05,3.0203973552491497e-05,1.716721305405636e-05
GSE176078,state_residual,phagolysosome,primary,drop_signature_overlap,25,0.7270533175766702,3.839828637066322e-05,0.6791200791609437,0.14724626527736948,3.985484539106811e-06,6.399714395110537e-05,9.963711347767028e-06
GSE176078,state_residual,ECM_remodelling,primary,drop_signature_overlap,25,0.7672249642853703,7.649156443997789e-06,0.7393397490954934,0.12057507546909799,8.690161743803286e-10,3.0203973552491497e-05,4.345080871901643e-09
GSE176078,state_residual,T_cell_exclusion_like,primary,drop_signature_overlap,25,0.4024935450748451,0.04607377702961409,0.5106149864137404,0.1424610961357615,0.00033805906434578845,0.05759222128701762,0.00042257383043223554
GSE176078,state_residual,antigen_presentation,primary,drop_signature_overlap,25,0.00534937922117432,0.9797537422229484,-0.16998000634844818,0.1452091549934903,0.24176466675439456,0.9797537422229483,0.2417646667543946
GSE176078,state_residual,efferocytosis,secondary,drop_signature_overlap,25,-0.03488025968440056,0.8685327019386717,0.12946927270587535,0.20369950938406747,0.5250440041711721,0.8685327019386717,0.5250440041711721
GSE176078,state_residual,MAPK_ERK_immediate_early,secondary,drop_signature_overlap,25,-0.47887312890950434,0.015444006196790053,-0.3963781249417292,0.23218355068579646,0.08778939277767049,0.03861001549197513,0.21947348194417624
GSE176078,state_residual,p38_stress_response,secondary,drop_signature_overlap,25,-0.34878968918524716,0.08748749812278032,-0.34163806206721803,0.24668257340304192,0.16607391523332282,0.14581249687130055,0.2767898587222047
GSE176078,state_residual,STING_typeI_IFN_response,secondary,drop_signature_overlap,25,0.1143763894070586,0.586169243415096,0.2871766858035356,0.2576796780959125,0.2650769171330948,0.73271155426887,0.3313461464163685
GSE176078,state_residual,dysfunction_tolerization,secondary,drop_signature_overlap,25,0.5196716282771757,0.007757307448058502,0.5324169037007737,0.12578550313390094,2.3086482619066014e-05,0.03861001549197513,0.00011543241309533007
GSE176078,ARL11_prevalence_residual,lipid_metabolism,primary,drop_signature_overlap,25,-0.36034615571549206,0.07681295116939857,-0.1855286878461069,0.17468700612240012,0.2882068724817436,0.38406475584699284,0.7205171812043589
GSE176078,ARL11_prevalence_residual,phagolysosome,primary,drop_signature_overlap,25,-0.0593152333660838,0.7782192232162155,-0.0536360210691167,0.1808559663148814,0.7667966449583112,0.8287856096541566,0.7667966449583112
GSE176078,ARL11_prevalence_residual,ECM_remodelling,primary,drop_signature_overlap,25,-0.04556208848298706,0.8287856096541565,-0.10627453889606714,0.2660691400370124,0.6895804287764311,0.8287856096541566,0.7667966449583112
GSE176078,ARL11_prevalence_residual,T_cell_exclusion_like,primary,drop_signature_overlap,25,-0.07558733522412094,0.7195187029182076,-0.2212112423797428,0.18157724816250934,0.22311902598732603,0.8287856096541566,0.7205171812043589
GSE176078,ARL11_prevalence_residual,antigen_presentation,primary,drop_signature_overlap,25,-0.07725269410305761,0.7135910512251649,0.08594972430737127,0.1428882345476201,0.547495589301451,0.8287856096541566,0.7667966449583112
GSE176078,ARL11_prevalence_residual,efferocytosis,secondary,drop_signature_overlap,25,-0.1708116662804805,0.4142947770512114,-0.18262718439347547,0.27021424567595614,0.49912910290685286,0.9167374302360471,0.9345854433303362
GSE176078,ARL11_prevalence_residual,MAPK_ERK_immediate_early,secondary,drop_signature_overlap,25,0.029354382702652948,0.8892230802436571,-0.01788892042526446,0.21795277145295192,0.9345854433303362,0.9167374302360471,0.9345854433303362
GSE176078,ARL11_prevalence_residual,p38_stress_response,secondary,drop_signature_overlap,25,0.15587127368623083,0.45686318203017046,0.021336558066185254,0.18695150190832902,0.909135660500661,0.9167374302360471,0.9345854433303362
GSE176078,ARL11_prevalence_residual,STING_typeI_IFN_response,secondary,drop_signature_overlap,25,0.03263114841458453,0.8769446189975927,-0.10035056385182459,0.3764270702267277,0.7897871650237451,0.9167374302360471,0.9345854433303362
GSE176078,ARL11_prevalence_residual,dysfunction_tolerization,secondary,drop_signature_overlap,25,-0.02203446686605532,0.9167374302360471,-0.1959900039775115,0.1546202763171102,0.20495621821463283,0.9167374302360471,0.9345854433303362
GSE176078,high_cluster_logit_residual,lipid_metabolism,primary,drop_signature_overlap,25,0.5162846046362888,0.008239729823822073,0.6231533109067638,0.1250969580263248,6.313809912673182e-07,0.026636459410991707,3.156904956336591e-06
GSE176078,high_cluster_logit_residual,phagolysosome,primary,drop_signature_overlap,25,0.3685042248319628,0.06989543484648879,0.4453634292326045,0.11465063236458402,0.0001025294746832231,0.11649239141081465,0.00025632368670805775
GSE176078,high_cluster_logit_residual,ECM_remodelling,primary,drop_signature_overlap,25,0.5014662976377161,0.010654583764396684,0.5177087097121391,0.14388755444452347,0.0003206625781779649,0.026636459410991707,0.0005344376302966082
GSE176078,high_cluster_logit_residual,T_cell_exclusion_like,primary,drop_signature_overlap,25,0.2609296373254535,0.20773546211407926,0.35663191163533525,0.11888428178251925,0.002701357237641217,0.2596693276425991,0.0033766965470515215
GSE176078,high_cluster_logit_residual,antigen_presentation,primary,drop_signature_overlap,25,-0.03298686804917604,0.8756133022564664,-0.16910355232515892,0.1543224004917565,0.27317463092858996,0.8756133022564663,0.27317463092858996
GSE176078,high_cluster_logit_residual,efferocytosis,secondary,drop_signature_overlap,25,-0.03472909242845475,0.869097658823881,0.16222709672353827,0.1984348762312391,0.41362379193139887,0.869097658823881,0.6467559448611975
GSE176078,high_cluster_logit_residual,MAPK_ERK_immediate_early,secondary,drop_signature_overlap,25,-0.2723963520105137,0.1877286682708666,-0.2518525404762128,0.16993578130607465,0.13832821919935226,0.46932167067716646,0.34582054799838063
GSE176078,high_cluster_logit_residual,p38_stress_response,secondary,drop_signature_overlap,25,-0.11613113626720886,0.5803973422205209,-0.15070727448358637,0.23280609468241747,0.517404755888958,0.869097658823881,0.6467559448611975
GSE176078,high_cluster_logit_residual,STING_typeI_IFN_response,secondary,drop_signature_overlap,25,-0.058256893180161126,0.7820822142033951,0.02099965712249079,0.21893538069413587,0.923586375928918,0.869097658823881,0.9235863759289181
GSE176078,high_cluster_logit_residual,dysfunction_tolerization,secondary,drop_signature_overlap,25,0.31128036839428425,0.12986398371237073,0.3968057871192118,0.08732845193666666,5.524077196736884e-06,0.46932167067716646,2.762038598368442e-05
GSE161529,state_residual,lipid_metabolism,primary,drop_signature_overlap,29,0.6636618385915234,8.684706292845397e-05,0.5218071335492538,0.16399674976950804,0.0014635584171799674,0.00043423531464226986,0.007317792085899838
GSE161529,state_residual,phagolysosome,primary,drop_signature_overlap,29,0.5655104904306393,0.001389007852151975,0.43267801870607053,0.18964718434927935,0.022519510144546336,0.0034725196303799374,0.02814938768068292
GSE161529,state_residual,ECM_remodelling,primary,drop_signature_overlap,29,0.3756850711536867,0.04460224785170386,0.5462777367882043,0.23911610866552374,0.022337992719310456,0.05575280981462982,0.02814938768068292
GSE161529,state_residual,T_cell_exclusion_like,primary,drop_signature_overlap,29,0.41506495378542285,0.025158062840926875,0.47024817652452194,0.1822049514901197,0.009855030146069888,0.041930104734878126,0.02463757536517472
GSE161529,state_residual,antigen_presentation,primary,drop_signature_overlap,29,0.08757945143776433,0.6514463268418854,0.15887212222001956,0.14427225310649572,0.2708110781649431,0.6514463268418854,0.2708110781649431
GSE161529,state_residual,efferocytosis,secondary,drop_signature_overlap,29,0.2569439416696637,0.17845087170688215,0.17232748302202075,0.18638985616832432,0.35519796146203475,0.29741811951147024,0.554343843135932
GSE161529,state_residual,MAPK_ERK_immediate_early,secondary,drop_signature_overlap,29,-0.09883177182948057,0.6100052506656158,-0.28124602577725444,0.433834021551285,0.5168037088469126,0.6100052506656158,0.554343843135932
GSE161529,state_residual,p38_stress_response,secondary,drop_signature_overlap,29,-0.1246667590595387,0.5193540835494596,-0.25941344143054174,0.43874417449652103,0.554343843135932,0.6100052506656158,0.554343843135932
GSE161529,state_residual,STING_typeI_IFN_response,secondary,drop_signature_overlap,29,0.28184650613356244,0.1385410861682416,0.5016705289883097,0.23789058256199855,0.03495935546990122,0.29741811951147024,0.08739838867475305
GSE161529,state_residual,dysfunction_tolerization,secondary,drop_signature_overlap,29,0.5702926543875867,0.0012377748741768462,0.5377402917716256,0.16231238616137275,0.0009230228846007725,0.006188874370884231,0.004615114423003863
GSE161529,ARL11_prevalence_residual,lipid_metabolism,primary,drop_signature_overlap,29,-0.2149283962588206,0.2628585713231065,-0.14291008435609734,0.19270137217299377,0.4583210848588246,0.4776059622637018,0.6389402060600107
GSE161529,ARL11_prevalence_residual,phagolysosome,primary,drop_signature_overlap,29,0.12919319523801392,0.50417738701723,0.09990509349734344,0.15205219844473888,0.5111521648480085,0.50417738701723,0.6389402060600107
GSE161529,ARL11_prevalence_residual,ECM_remodelling,primary,drop_signature_overlap,29,0.2415961743275267,0.20672942341582967,0.09490589849584681,0.2461979355520847,0.6998772532605777,0.4776059622637018,0.6998772532605777
GSE161529,ARL11_prevalence_residual,T_cell_exclusion_like,primary,drop_signature_overlap,29,0.19948983915934076,0.29950033045973545,0.17147520157824048,0.14215911143176396,0.22773257077052333,0.4776059622637018,0.5693314269263083
GSE161529,ARL11_prevalence_residual,antigen_presentation,primary,drop_signature_overlap,29,-0.1685577332583397,0.3820847698109614,-0.28285588109590987,0.16135799900846842,0.07960699760326095,0.4776059622637018,0.39803498801630477
GSE161529,ARL11_prevalence_residual,efferocytosis,secondary,drop_signature_overlap,29,0.07063395830005055,0.7157839960778193,0.09848857556936877,0.14303663785474666,0.49110342077821856,0.8038999519942021,0.5213860955789975
GSE161529,ARL11_prevalence_residual,MAPK_ERK_immediate_early,secondary,drop_signature_overlap,29,-0.3553751443002309,0.05851015371634558,-0.15871338940508128,0.23912657191731598,0.506868730267998,0.2925507685817279,0.5213860955789975
GSE161529,ARL11_prevalence_residual,p38_stress_response,secondary,drop_signature_overlap,29,-0.2506229589642257,0.1897485734803914,-0.12955205626406893,0.20204302362041263,0.5213860955789975,0.4743714337009785,0.5213860955789975
GSE161529,ARL11_prevalence_residual,STING_typeI_IFN_response,secondary,drop_signature_overlap,29,0.061602718421508024,0.7509021308291302,0.15106834185475015,0.21909210538590446,0.49049622566760775,0.8038999519942021,0.5213860955789975
GSE161529,ARL11_prevalence_residual,dysfunction_tolerization,secondary,drop_signature_overlap,29,0.048202234006187714,0.8038999519942021,0.13332032940783828,0.1796370435340596,0.4579873614191732,0.8038999519942021,0.5213860955789975
GSE161529,high_cluster_logit_residual,lipid_metabolism,primary,drop_signature_overlap,29,0.10068727682390866,0.6032791111114841,0.13013770135074118,0.0964488636742248,0.1772431236871863,0.9482323173104155,0.7197070567974708
GSE161529,high_cluster_logit_residual,phagolysosome,primary,drop_signature_overlap,29,0.28065433908688525,0.14028926038362521,0.10903247032860088,0.2021719796985026,0.5896760412115736,0.7014463019181261,0.737095051514467
GSE161529,high_cluster_logit_residual,ECM_remodelling,primary,drop_signature_overlap,29,0.007717096831284496,0.9683081341563533,0.07917336454149938,0.35246775105665945,0.8222703613767531,0.9683081341563533,0.8222703613767532
GSE161529,high_cluster_logit_residual,T_cell_exclusion_like,primary,drop_signature_overlap,29,0.05964405463746349,0.7585858538483323,0.21278108162265608,0.20021223894417045,0.28788282271898835,0.9482323173104155,0.7197070567974708
GSE161529,high_cluster_logit_residual,antigen_presentation,primary,drop_signature_overlap,29,-0.17649808764766303,0.35972899946984493,-0.07718916629167252,0.11453566898984036,0.5003550249583919,0.8993224986746123,0.737095051514467
GSE161529,high_cluster_logit_residual,efferocytosis,secondary,drop_signature_overlap,29,0.2956141759788055,0.11948567344213697,0.23775891338699057,0.14819744297937434,0.10863938476217369,0.19914278907022828,0.14332182122532924
GSE161529,high_cluster_logit_residual,MAPK_ERK_immediate_early,secondary,drop_signature_overlap,29,0.4371378986374461,0.01772984674274534,0.39707891363504416,0.17009322967587315,0.019570703336972566,0.044324616856863355,0.09785351668486283
GSE161529,high_cluster_logit_residual,p38_stress_response,secondary,drop_signature_overlap,29,0.5378841845193048,0.0026168225478015576,0.4084046816162709,0.21440486700815528,0.05680225848605698,0.013084112739007787,0.14200564621514244
GSE161529,high_cluster_logit_residual,STING_typeI_IFN_response,secondary,drop_signature_overlap,29,0.14422748037400132,0.4554014951197098,0.31444642924553456,0.19931944970803656,0.11465745698026339,0.5692518688996372,0.14332182122532924
GSE161529,high_cluster_logit_residual,dysfunction_tolerization,secondary,drop_signature_overlap,29,0.0931736798605505,0.630706405265281,0.16756790923493922,0.22164390764662711,0.4496353593007495,0.630706405265281,0.4496353593007495
