predictor,pathway,family,cohorts_n,meta_partial_rho,ci_low,ci_high,p_value,tau2_DL,Q,Q_df,Q_p_value,I2_percent,direction_concordant,fdr_bh
ARL11_prevalence_residual,lipid_metabolism,primary,2,-0.28322534807227207,-0.5183543760181111,-0.008283424884555248,0.043654771240063596,0.0,0.30107924939800246,1,0.5832066181426867,0.0,True,0.21827385620031797
ARL11_prevalence_residual,antigen_presentation,primary,2,-0.1269710058983273,-0.3889494599168257,0.15400642235622433,0.3764509180748846,0.0,0.10256896617452232,1,0.7487682860619975,0.0,True,0.7331667012790977
ARL11_prevalence_residual,ECM_remodelling,primary,2,0.11193813729896213,-0.17114723614006766,0.37795074516498767,0.4399000207674586,0.0006921199646432189,1.0164955258239967,1,0.3133517249964178,1.6227839085297526,False,0.7331667012790977
ARL11_prevalence_residual,T_cell_exclusion_like,primary,2,0.07467596803021756,-0.20513413348566434,0.3432014138413599,0.6042244045545022,0.0,0.9205236572181772,1,0.3373375145427171,0.0,False,0.7552805056931278
ARL11_prevalence_residual,phagolysosome,primary,2,0.043128065457762314,-0.23525657422270843,0.31497289893643776,0.7649511332178571,0.0,0.4270466518020046,1,0.5134416808871811,0.0,False,0.7649511332178571
ARL11_prevalence_residual,MAPK_ERK_immediate_early,secondary,2,-0.17791673481146195,-0.517108665141841,0.20957232922681762,0.3692482341276103,0.03842053738467312,1.9156894743347093,1,0.16633262984446684,47.79947306714282,False,0.9115748258326002
ARL11_prevalence_residual,STING_typeI_IFN_response,secondary,2,0.04833400801254358,-0.2303224294836665,0.3196644576278508,0.7375278027943171,0.0,0.010048256343699111,1,0.9201530035049462,0.0,True,0.9115748258326002
ARL11_prevalence_residual,efferocytosis,secondary,2,-0.04071728901942638,-0.31279581442075066,0.23753663543879458,0.7777489810182702,0.0,0.7051412810980346,1,0.4010615230266549,0.0,False,0.9115748258326002
ARL11_prevalence_residual,p38_stress_response,secondary,2,-0.05785924257683411,-0.4321597374027498,0.33344702078246136,0.7790304458701056,0.043421373186434305,2.034876060943351,1,0.15372671473192648,50.856957866200034,False,0.9115748258326002
ARL11_prevalence_residual,dysfunction_tolerization,secondary,2,0.016027654914264243,-0.26071239604305807,0.2903337148275391,0.9115748258326003,0.0,0.05885580140978145,1,0.8083136183423351,0.0,False,0.9115748258326002
high_cluster_logit_residual,phagolysosome,primary,2,0.3216136728698687,0.05050127916872532,0.5485798572338764,0.020878134033553732,0.0,0.11514701420529483,1,0.7343587418978619,0.0,True,0.10439067016776866
high_cluster_logit_residual,lipid_metabolism,primary,2,0.3173607194795772,-0.13112714725953795,0.6580154369583475,0.16188021709522504,0.06860063577853552,2.63498181938843,1,0.10453325780630683,62.04907401478403,True,0.39361631889331106
high_cluster_logit_residual,T_cell_exclusion_like,primary,2,0.15354501086031208,-0.12743594584364906,0.41171180366329574,0.2835981798488837,0.0,0.5125469364225397,1,0.47403838052874847,0.0,True,0.39361631889331106
high_cluster_logit_residual,ECM_remodelling,primary,2,0.2664674711790514,-0.2537981469652785,0.6671464919291574,0.3148930551146488,0.10576301624661207,3.5206852205442543,1,0.060607385495533066,71.59643826818996,True,0.39361631889331106
high_cluster_logit_residual,antigen_presentation,primary,2,-0.11127657104011414,-0.37535423001675255,0.16951019487809638,0.43884053876485773,0.0,0.25181786403391393,1,0.6157979622738665,0.0,True,0.4388405387648577
high_cluster_logit_residual,dysfunction_tolerization,secondary,2,0.19562756318346167,-0.08451747701190705,0.44711107198041244,0.1697382047018431,0.0,0.6222929688694072,1,0.4301964785801641,0.0,True,0.7906563404806857
high_cluster_logit_residual,efferocytosis,secondary,2,0.14426883185877246,-0.1846237141558966,0.44410294645383164,0.3911310645802928,0.01565511050810644,1.3731134671098701,1,0.2412776664917984,27.17280662137846,False,0.7906563404806857
high_cluster_logit_residual,p38_stress_response,secondary,2,0.24221800671436505,-0.42704802903565375,0.7400268485156368,0.4910705895941557,0.2156827151220577,6.140438043742375,1,0.013212457902246871,83.7145168980398,False,0.7906563404806857
high_cluster_logit_residual,STING_typeI_IFN_response,secondary,2,0.05189377418642605,-0.22694024694960024,0.3228648533072634,0.7189564150047718,0.0,0.493802241678144,1,0.48223609635091336,0.0,False,0.7906563404806857
high_cluster_logit_residual,MAPK_ERK_immediate_early,secondary,2,0.09896692688128651,-0.5606808018933973,0.6817676611081929,0.7906563404806857,0.2378968227733343,6.669874276097801,1,0.009805610531234823,85.00721365043408,False,0.7906563404806857
state_residual,lipid_metabolism,primary,2,0.7093521230450242,0.5391645281833838,0.8238807513911707,8.380541804685118e-10,0.0,0.424928259480405,1,0.5144881261223624,0.0,True,4.190270902342559e-09
state_residual,phagolysosome,primary,2,0.646895420084679,0.4518638400217595,0.7829092443858128,9.590800233539742e-08,0.0,0.9446390837745273,1,0.3310876367768338,0.0,True,2.3977000583849353e-07
state_residual,T_cell_exclusion_like,primary,2,0.4093223206582085,0.1507377439387936,0.6154816831787514,0.0025922400330997764,0.0,0.002714952350594921,1,0.958444865898528,0.0,True,0.004320400055166294
state_residual,ECM_remodelling,primary,2,0.6034996007574025,0.09232084969469573,0.8629236694866607,0.023857021202376885,0.14932579911639898,4.558931545607509,1,0.032747497087651824,78.06503585333516,True,0.029821276502971106
state_residual,antigen_presentation,primary,2,0.04997088454221048,-0.22876804636223086,0.3211368551689239,0.7289692028097595,0.0,0.08101930329913339,1,0.775920805702356,0.0,True,0.7289692028097595
state_residual,dysfunction_tolerization,secondary,2,0.5475852674794927,0.3203384948090442,0.7152384093611015,2.0412384323409794e-05,0.0,0.06189044232665577,1,0.8035325888680132,0.0,True,0.00010206192161704898
state_residual,p38_stress_response,secondary,2,-0.23052527714981486,-0.475880980983617,0.04812028445632909,0.1038741141421909,0.0,0.6792484160403409,1,0.4098456495194357,0.0,True,0.19038576128290863
state_residual,STING_typeI_IFN_response,secondary,2,0.20655162327014753,-0.07320385234896896,0.4561732362277061,0.14652386023111813,0.0,0.3641462655243643,1,0.5462124746712032,0.0,True,0.19038576128290863
state_residual,MAPK_ERK_immediate_early,secondary,2,-0.2931965567947912,-0.6142138358623782,0.11107999850147683,0.1523086090263269,0.047238315415583,2.125846517404728,1,0.14483274325770656,52.95991541191704,True,0.19038576128290863
state_residual,efferocytosis,secondary,2,0.1250554313759448,-0.16366524212124187,0.394043306408932,0.39692486045592223,0.0023629317672551895,1.0563165404529153,1,0.30405680262921475,5.331407612794606,False,0.39692486045592223
